dna_sample_id,specimen_id,aliquot_number,specimen_type,collection_week,collection_day,collection_date,host_species,host_sex,extraction_batch,extraction_date,number_of_pellets,number_of_aliquots,extraction_protocol,dna_conc,well,A2,A1,S2,S1
1_1,1,1,T. mobilis,NA,NA,NA,NA,NA,1,2019-12-03,1,4,1,0.2785,C4,TRUE,TRUE,TRUE,TRUE
1_2,1,2,T. mobilis,NA,NA,NA,NA,NA,1,2019-12-03,1,4,2,0.9576,F9,TRUE,TRUE,TRUE,TRUE
1_3,1,3,T. mobilis,NA,NA,NA,NA,NA,1,2019-12-03,1,4,1,0.3571,H11,TRUE,FALSE,FALSE,FALSE
1_4,1,4,T. mobilis,NA,NA,NA,NA,NA,1,2019-12-03,1,4,2,1.1852,H12,TRUE,FALSE,FALSE,FALSE
2_1,2,1,inoculum,1,1,2019-09-09,NA,NA,1,2019-12-03,1,4,1,0.283,G7,TRUE,TRUE,TRUE,TRUE
2_2,2,2,inoculum,1,1,2019-09-09,NA,NA,1,2019-12-03,1,4,2,1.1587,E5,TRUE,TRUE,TRUE,TRUE
2_3,2,3,inoculum,1,1,2019-09-09,NA,NA,1,2019-12-03,1,4,1,0.2609,A3,TRUE,TRUE,TRUE,TRUE
2_4,2,4,inoculum,1,1,2019-09-09,NA,NA,1,2019-12-03,1,4,2,0.9978,G3,TRUE,TRUE,TRUE,TRUE
3_1,3,1,inoculum,1,2,2019-09-10,NA,NA,1,2019-12-03,1,4,1,0.238,D10,TRUE,TRUE,TRUE,TRUE
3_2,3,2,inoculum,1,2,2019-09-10,NA,NA,1,2019-12-03,1,4,2,0.8068,E12,TRUE,TRUE,TRUE,TRUE
3_3,3,3,inoculum,1,2,2019-09-10,NA,NA,1,2019-12-03,1,4,1,0.2944,H3,TRUE,TRUE,TRUE,TRUE
3_4,3,4,inoculum,1,2,2019-09-10,NA,NA,1,2019-12-03,1,4,2,0.917,E10,TRUE,TRUE,TRUE,TRUE
4_1,4,1,inoculum,1,3,2019-09-11,NA,NA,1,2019-12-03,1,4,1,0.1558,C7,TRUE,TRUE,TRUE,TRUE
4_2,4,2,inoculum,1,3,2019-09-11,NA,NA,1,2019-12-03,1,4,2,0.6554,F5,TRUE,TRUE,TRUE,TRUE
4_3,4,3,inoculum,1,3,2019-09-11,NA,NA,1,2019-12-03,1,4,1,0.1962,A2,TRUE,TRUE,TRUE,TRUE
4_4,4,4,inoculum,1,3,2019-09-11,NA,NA,1,2019-12-03,1,4,2,0.797,B11,TRUE,TRUE,TRUE,TRUE
5_1,5,1,fecal,2,4,2019-09-19,mouse,female,1,2019-12-03,1,4,1,21.9,A1,TRUE,TRUE,TRUE,TRUE
5_2,5,2,fecal,2,4,2019-09-19,mouse,female,1,2019-12-03,1,4,2,7.7403,D1,TRUE,TRUE,TRUE,TRUE
5_3,5,3,fecal,2,4,2019-09-19,mouse,female,1,2019-12-03,1,4,1,26.1,C3,TRUE,TRUE,TRUE,TRUE
5_4,5,4,fecal,2,4,2019-09-19,mouse,female,1,2019-12-03,1,4,2,8.074,E2,TRUE,TRUE,TRUE,TRUE
6_1,6,1,fecal,2,4,2019-09-19,mouse,female,1,2019-12-03,1,4,1,32.3,G1,TRUE,TRUE,TRUE,TRUE
6_2,6,2,fecal,2,4,2019-09-19,mouse,female,1,2019-12-03,1,4,2,8.4233,G6,TRUE,TRUE,TRUE,TRUE
6_3,6,3,fecal,2,4,2019-09-19,mouse,female,1,2019-12-03,1,4,1,22.1,C10,TRUE,TRUE,TRUE,TRUE
6_4,6,4,fecal,2,4,2019-09-19,mouse,female,1,2019-12-03,1,4,2,6.204,E1,TRUE,TRUE,TRUE,TRUE
7_1,7,1,fecal,2,4,2019-09-19,mouse,female,1,2019-12-03,1,4,1,23.3,G12,TRUE,TRUE,TRUE,TRUE
7_2,7,2,fecal,2,4,2019-09-19,mouse,female,1,2019-12-03,1,4,2,5.7073,A5,TRUE,TRUE,TRUE,TRUE
7_3,7,3,fecal,2,4,2019-09-19,mouse,female,1,2019-12-03,1,4,1,24.3,B3,TRUE,TRUE,TRUE,TRUE
7_4,7,4,fecal,2,4,2019-09-19,mouse,female,1,2019-12-03,1,4,2,6.7461,F3,TRUE,TRUE,TRUE,TRUE
8_1,8,1,fecal,2,4,2019-09-19,mouse,female,1,2019-12-03,1,4,1,21.8,B10,TRUE,TRUE,TRUE,TRUE
8_2,8,2,fecal,2,4,2019-09-19,mouse,female,1,2019-12-03,1,4,2,4.0927,F6,TRUE,TRUE,TRUE,TRUE
8_3,8,3,fecal,2,4,2019-09-19,mouse,female,1,2019-12-03,1,4,1,19.9,H5,TRUE,TRUE,TRUE,FALSE
8_4,8,4,fecal,2,4,2019-09-19,mouse,female,1,2019-12-03,1,4,2,4.6797,H8,TRUE,TRUE,TRUE,FALSE
9_1,9,1,fecal,2,4,2019-09-19,mouse,male,1,2019-12-03,1,4,1,21.5,F12,TRUE,TRUE,TRUE,TRUE
9_2,9,2,fecal,2,4,2019-09-19,mouse,male,1,2019-12-03,1,4,2,6.8906,E3,TRUE,TRUE,TRUE,TRUE
9_3,9,3,fecal,2,4,2019-09-19,mouse,male,1,2019-12-03,1,4,1,22.6,E8,TRUE,TRUE,TRUE,TRUE
9_4,9,4,fecal,2,4,2019-09-19,mouse,male,1,2019-12-03,1,4,2,5.949,A11,TRUE,TRUE,TRUE,TRUE
10_1,10,1,fecal,2,4,2019-09-19,mouse,male,1,2019-12-03,1,4,1,21.3,B4,TRUE,TRUE,TRUE,TRUE
10_2,10,2,fecal,2,4,2019-09-19,mouse,male,1,2019-12-03,1,4,2,7.3401,B2,TRUE,TRUE,TRUE,TRUE
10_3,10,3,fecal,2,4,2019-09-19,mouse,male,1,2019-12-03,1,4,1,21.9,B9,TRUE,TRUE,TRUE,TRUE
10_4,10,4,fecal,2,4,2019-09-19,mouse,male,1,2019-12-03,1,4,2,7.3251,G4,TRUE,TRUE,TRUE,TRUE
11_1,11,1,fecal,2,4,2019-09-19,mouse,male,1,2019-12-03,1,4,1,22.4,G11,TRUE,TRUE,TRUE,TRUE
11_2,11,2,fecal,2,4,2019-09-19,mouse,male,1,2019-12-03,1,4,2,6.8657,G5,TRUE,TRUE,TRUE,TRUE
11_3,11,3,fecal,2,4,2019-09-19,mouse,male,1,2019-12-03,1,4,1,16.4,F10,TRUE,TRUE,TRUE,TRUE
11_4,11,4,fecal,2,4,2019-09-19,mouse,male,1,2019-12-03,1,4,2,6.3506,B1,TRUE,TRUE,TRUE,TRUE
12_1,12,1,fecal,2,4,2019-09-19,mouse,male,1,2019-12-03,1,4,1,17.6,B8,TRUE,TRUE,TRUE,TRUE
12_2,12,2,fecal,2,4,2019-09-19,mouse,male,1,2019-12-03,1,4,2,4.3571,A12,TRUE,TRUE,TRUE,TRUE
12_3,12,3,fecal,2,4,2019-09-19,mouse,male,1,2019-12-03,1,4,1,16.4,NA,NA,NA,NA,NA
12_4,12,4,fecal,2,4,2019-09-19,mouse,male,1,2019-12-03,1,4,2,3.8461,NA,NA,NA,NA,NA
13_1,13,1,T. mobilis,NA,NA,NA,NA,NA,2,2019-12-11,10,2,1,17.7,C9,TRUE,TRUE,TRUE,TRUE
13_2,13,2,T. mobilis,NA,NA,NA,NA,NA,2,2019-12-11,10,2,2,13.6,F4,TRUE,TRUE,TRUE,TRUE
14_1,14,1,inoculum,5,1,2019-10-07,NA,NA,2,2019-12-11,4,4,1,0.9255,C6,TRUE,TRUE,TRUE,TRUE
14_2,14,2,inoculum,5,1,2019-10-07,NA,NA,2,2019-12-11,4,4,2,8.401,F1,TRUE,TRUE,TRUE,TRUE
14_3,14,3,inoculum,5,1,2019-10-07,NA,NA,2,2019-12-11,4,4,1,0.7367,D7,TRUE,TRUE,TRUE,TRUE
14_4,14,4,inoculum,5,1,2019-10-07,NA,NA,2,2019-12-11,4,4,2,7.575,E7,TRUE,TRUE,TRUE,TRUE
15_1,15,1,inoculum,5,2,2019-10-08,NA,NA,2,2019-12-11,5,4,1,0.4654,A8,TRUE,TRUE,TRUE,TRUE
15_2,15,2,inoculum,5,2,2019-10-08,NA,NA,2,2019-12-11,5,4,2,6.489,A10,TRUE,TRUE,TRUE,TRUE
15_3,15,3,inoculum,5,2,2019-10-08,NA,NA,2,2019-12-11,5,4,1,0.5021,C12,TRUE,TRUE,TRUE,TRUE
15_4,15,4,inoculum,5,2,2019-10-08,NA,NA,2,2019-12-11,5,4,2,4.139,G8,TRUE,TRUE,TRUE,TRUE
16_1,16,1,inoculum,5,3,2019-10-09,NA,NA,2,2019-12-11,6,4,1,1.103,F2,TRUE,TRUE,TRUE,TRUE
16_2,16,2,inoculum,5,3,2019-10-09,NA,NA,2,2019-12-11,6,4,2,8.372,E9,TRUE,TRUE,TRUE,TRUE
16_3,16,3,inoculum,5,3,2019-10-09,NA,NA,2,2019-12-11,6,4,1,1.141,C2,TRUE,TRUE,TRUE,TRUE
16_4,16,4,inoculum,5,3,2019-10-09,NA,NA,2,2019-12-11,6,4,2,9.611,D2,TRUE,TRUE,TRUE,TRUE
17_1,17,1,fecal,6,4,2019-10-17,mouse,female,2,2019-12-11,1,4,1,9.917,F8,TRUE,TRUE,TRUE,TRUE
17_2,17,2,fecal,6,4,2019-10-17,mouse,female,2,2019-12-11,1,4,2,5.839,B5,TRUE,TRUE,TRUE,TRUE
17_3,17,3,fecal,6,4,2019-10-17,mouse,female,2,2019-12-11,1,4,1,10.3,A4,TRUE,TRUE,TRUE,TRUE
17_4,17,4,fecal,6,4,2019-10-17,mouse,female,2,2019-12-11,1,4,2,7.148,F11,TRUE,TRUE,TRUE,TRUE
18_1,18,1,fecal,6,4,2019-10-17,mouse,female,2,2019-12-11,1,4,1,11.18,D12,TRUE,TRUE,TRUE,TRUE
18_2,18,2,fecal,6,4,2019-10-17,mouse,female,2,2019-12-11,1,4,2,8.129,H2,TRUE,TRUE,TRUE,TRUE
18_3,18,3,fecal,6,4,2019-10-17,mouse,female,2,2019-12-11,1,4,1,11.19,C8,TRUE,TRUE,TRUE,TRUE
18_4,18,4,fecal,6,4,2019-10-17,mouse,female,2,2019-12-11,1,4,2,7.092,B12,TRUE,TRUE,TRUE,TRUE
19_1,19,1,fecal,6,4,2019-10-17,mouse,female,2,2019-12-11,1,4,1,7.406,C1,TRUE,TRUE,TRUE,TRUE
19_2,19,2,fecal,6,4,2019-10-17,mouse,female,2,2019-12-11,1,4,2,8.373,E6,TRUE,TRUE,TRUE,TRUE
19_3,19,3,fecal,6,4,2019-10-17,mouse,female,2,2019-12-11,1,4,1,7.682,D9,TRUE,TRUE,TRUE,TRUE
19_4,19,4,fecal,6,4,2019-10-17,mouse,female,2,2019-12-11,1,4,2,7.96,D6,TRUE,TRUE,TRUE,TRUE
20_1,20,1,fecal,6,4,2019-10-17,mouse,female,2,2019-12-11,1,4,1,17.1,C5,TRUE,TRUE,TRUE,TRUE
20_2,20,2,fecal,6,4,2019-10-17,mouse,female,2,2019-12-11,1,4,2,9.269,D5,TRUE,TRUE,TRUE,TRUE
20_3,20,3,fecal,6,4,2019-10-17,mouse,female,2,2019-12-11,1,4,1,16.7,H10,TRUE,TRUE,TRUE,FALSE
20_4,20,4,fecal,6,4,2019-10-17,mouse,female,2,2019-12-11,1,4,2,5.753,H6,TRUE,TRUE,TRUE,FALSE
21_1,21,1,fecal,6,4,2019-10-17,mouse,male,2,2019-12-11,1,4,1,19.3,G10,TRUE,TRUE,TRUE,TRUE
21_2,21,2,fecal,6,4,2019-10-17,mouse,male,2,2019-12-11,1,4,2,11.3,E11,TRUE,TRUE,TRUE,TRUE
21_3,21,3,fecal,6,4,2019-10-17,mouse,male,2,2019-12-11,1,4,1,19.9,B6,TRUE,TRUE,TRUE,TRUE
21_4,21,4,fecal,6,4,2019-10-17,mouse,male,2,2019-12-11,1,4,2,17.1,D3,TRUE,TRUE,TRUE,TRUE
22_1,22,1,fecal,6,4,2019-10-17,mouse,male,2,2019-12-11,1,4,1,17.2,G9,TRUE,TRUE,TRUE,TRUE
22_2,22,2,fecal,6,4,2019-10-17,mouse,male,2,2019-12-11,1,4,2,10.3,D11,TRUE,TRUE,TRUE,TRUE
22_3,22,3,fecal,6,4,2019-10-17,mouse,male,2,2019-12-11,1,4,1,19.9,H4,TRUE,TRUE,TRUE,TRUE
22_4,22,4,fecal,6,4,2019-10-17,mouse,male,2,2019-12-11,1,4,2,9.863,E4,TRUE,TRUE,TRUE,TRUE
23_1,23,1,fecal,6,4,2019-10-17,mouse,male,2,2019-12-11,1,4,1,8.999,F7,TRUE,TRUE,TRUE,TRUE
23_2,23,2,fecal,6,4,2019-10-17,mouse,male,2,2019-12-11,1,4,2,6.286,C11,TRUE,TRUE,TRUE,TRUE
23_3,23,3,fecal,6,4,2019-10-17,mouse,male,2,2019-12-11,1,4,1,8.227,H9,TRUE,TRUE,TRUE,FALSE
23_4,23,4,fecal,6,4,2019-10-17,mouse,male,2,2019-12-11,1,4,2,7.671,H7,TRUE,TRUE,TRUE,FALSE
24_1,24,1,fecal,6,4,2019-10-17,mouse,male,2,2019-12-11,1,4,1,10.4,A9,TRUE,TRUE,TRUE,TRUE
24_2,24,2,fecal,6,4,2019-10-17,mouse,male,2,2019-12-11,1,4,2,8.645,A6,TRUE,TRUE,TRUE,TRUE
24_3,24,3,fecal,6,4,2019-10-17,mouse,male,2,2019-12-11,1,4,1,10.5,NA,NA,NA,NA,NA
24_4,24,4,fecal,6,4,2019-10-17,mouse,male,2,2019-12-11,1,4,2,8.992,NA,NA,NA,NA,NA
25_1,25,1,inoculum,1,1,2019-09-09,NA,NA,2,2019-12-11,4,2,1,0.2868,G2,TRUE,TRUE,TRUE,TRUE
25_2,25,2,inoculum,1,1,2019-09-09,NA,NA,2,2019-12-11,4,2,2,7.261,B7,TRUE,TRUE,TRUE,TRUE
26_1,26,1,inoculum,1,2,2019-09-10,NA,NA,2,2019-12-11,6,4,1,0.6854,H1,TRUE,TRUE,TRUE,TRUE
26_2,26,2,inoculum,1,2,2019-09-10,NA,NA,2,2019-12-11,6,4,2,6.896,D4,TRUE,TRUE,TRUE,TRUE
26_3,26,3,inoculum,1,2,2019-09-10,NA,NA,2,2019-12-11,6,4,1,0.1722,D8,TRUE,TRUE,TRUE,TRUE
26_4,26,4,inoculum,1,2,2019-09-10,NA,NA,2,2019-12-11,6,4,2,5.954,A7,TRUE,TRUE,TRUE,TRUE
